team1,team1
team2,team2
team3,team3
team4,team4
team5,team5
team6,team6
team7,team7
team8,team8
team9,team9
team10,team10
team11,team11
team12,team12
team13,team13
team14,team14
team15,team15
team16,team16
team17,team17
team18,team18
team19,team19
team20,team20
team21,team21
team22,team22
team23,team23
team24,team24
team25,team25
team26,team26
team27,team27
team28,team28
team29,team29
team30,team30
team31,team31
team32,team32
team33,team33
team34,team34
team35,team35
team36,team36
team37,team37
team38,team38
team39,team39
team40,team40
team41,team41
team42,team42
team43,team43
team44,team44
team45,team45
team46,team46
team47,team47
team48,team48
team49,team49
team50,team50
team51,team51
team52,team52
team53,team53
team54,team54
team55,team55
team56,team56
team57,team57
team58,team58
team59,team59
team60,team60
team61,team61
team62,team62
team63,team63
team64,team64
team65,team65
team66,team66
team67,team67
team68,team68
team69,team69
team70,team70
team71,team71
team72,team72
team73,team73
team74,team74
team75,team75
team76,team76
team77,team77
team78,team78
team79,team79
team80,team80
team81,team81
team82,team82
team83,team83
team84,team84
team85,team85
team86,team86
team87,team87
team88,team88
team89,team89
team90,team90
team91,team91
team92,team92
team93,team93
team94,team94
team95,team95
team96,team96
team97,team97
team98,team98
team99,team99
team100,team100
team101,team101
team102,team102
team103,team103
team104,team104
team105,team105
team106,team106
team107,team107
team108,team108
team109,team109
team110,team110
team111,team111
team112,team112
team113,team113
team114,team114
team115,team115
team116,team116
team117,team117
team118,team118
team119,team119
team120,team120
team121,team121
team122,team122
team123,team123
team124,team124
team125,team125
team126,team126
team127,team127
team128,team128
team129,team129
team130,team130
team131,team131
team132,team132
team133,team133
team134,team134
team135,team135
team136,team136
team137,team137
team138,team138
team139,team139
team140,team140
team141,team141
team142,team142
team143,team143
team144,team144
team145,team145
team146,team146
team147,team147
team148,team148
team149,team149
team150,team150
team151,team151
team152,team152
team153,team153
team154,team154
team155,team155
team156,team156
team157,team157
team158,team158
team159,team159
team160,team160
team161,team161
team162,team162
team163,team163
team164,team164
team165,team165
team166,team166
team167,team167
team168,team168
team169,team169
team170,team170
team171,team171
team172,team172
team173,team173
team174,team174
team175,team175
team176,team176
team177,team177
team178,team178
team179,team179
team180,team180
team181,team181
team182,team182
team183,team183
team184,team184
team185,team185
team186,team186
team187,team187
team188,team188
team189,team189
team190,team190
team191,team191
team192,team192
team193,team193
team194,team194
team195,team195
team196,team196
team197,team197
team198,team198
team199,team199
team200,team200
team201,team201
team202,team202
team203,team203
team204,team204
team205,team205
team206,team206
team207,team207
team208,team208
team209,team209
team210,team210
team211,team211
team212,team212
team213,team213
team214,team214
team215,team215
team216,team216
team217,team217
team218,team218
team219,team219
team220,team220
team221,team221
team222,team222
team223,team223
team224,team224
team225,team225
team226,team226
team227,team227
team228,team228
team229,team229
team230,team230
team231,team231
team232,team232
team233,team233
team234,team234
team235,team235
team236,team236
team237,team237
team238,team238
team239,team239
team240,team240
team241,team241
team242,team242
team243,team243
team244,team244
team245,team245
team246,team246
team247,team247
team248,team248
team249,team249
team250,team250
team251,team251
team252,team252
team253,team253
team254,team254
team255,team255
team256,team256
team257,team257
team258,team258
team259,team259
team260,team260
team261,team261
team262,team262
team263,team263
team264,team264
team265,team265
team266,team266
team267,team267
team268,team268
team269,team269
team270,team270
team271,team271
team272,team272
team273,team273
team274,team274
team275,team275
team276,team276
team277,team277
team278,team278
team279,team279
team280,team280
team281,team281
team282,team282
team283,team283
team284,team284
team285,team285
team286,team286
team287,team287
team288,team288
team289,team289
team290,team290
team291,team291
team292,team292
team293,team293
team294,team294
team295,team295
team296,team296
team297,team297
team298,team298
team299,team299
team300,team300
team301,team301
team302,team302
team303,team303
team304,team304
team305,team305
team306,team306
team307,team307
team308,team308
team309,team309
team310,team310
team311,team311
team312,team312
team313,team313
team314,team314
team315,team315
team316,team316
team317,team317
team318,team318
team319,team319
team320,team320
team321,team321
team322,team322
team323,team323
team324,team324
team325,team325
team326,team326
team327,team327
team328,team328
team329,team329
team330,team330
team331,team331
team332,team332
team333,team333
team334,team334
team335,team335
team336,team336
team337,team337
team338,team338
team339,team339
team340,team340
team341,team341
team342,team342
team343,team343
team344,team344
team345,team345
team346,team346
team347,team347
team348,team348
team349,team349
team350,team350
team351,team351
team352,team352
team353,team353
team354,team354
team355,team355
team356,team356
team357,team357
team358,team358
team359,team359
team360,team360
team361,team361
team362,team362
team363,team363
team364,team364
team365,team365
team366,team366
team367,team367
team368,team368
team369,team369
team370,team370
team371,team371
team372,team372
team373,team373
team374,team374
team375,team375
team376,team376
team377,team377
team378,team378
team379,team379
team380,team380
team381,team381
team382,team382
team383,team383
team384,team384
team385,team385
team386,team386
team387,team387
team388,team388
team389,team389
team390,team390
team391,team391
team392,team392
team393,team393
team394,team394
team395,team395
team396,team396
team397,team397
team398,team398
team399,team399
team400,team400
team401,team401
team402,team402
team403,team403
team404,team404
team405,team405
team406,team406
team407,team407
team408,team408
team409,team409
team410,team410
team411,team411
team412,team412
team413,team413
team414,team414
team415,team415
team416,team416
team417,team417
team418,team418
team419,team419
team420,team420
team421,team421
team422,team422
team423,team423
team424,team424
team425,team425
team426,team426
team427,team427
team428,team428
team429,team429
team430,team430
team431,team431
team432,team432
team433,team433
team434,team434
team435,team435
team436,team436
team437,team437
team438,team438
team439,team439
team440,team440
team441,team441
team442,team442
team443,team443
team444,team444
team445,team445
team446,team446
team447,team447
team448,team448
team449,team449
team450,team450
team451,team451
team452,team452
team453,team453
team454,team454
team455,team455
team456,team456
team457,team457
team458,team458
team459,team459
team460,team460
team461,team461
team462,team462
team463,team463
team464,team464
team465,team465
team466,team466
team467,team467
team468,team468
team469,team469
team470,team470
team471,team471
team472,team472
team473,team473
team474,team474
team475,team475
team476,team476
team477,team477
team478,team478
team479,team479
team480,team480
team481,team481
team482,team482
team483,team483
team484,team484
team485,team485
team486,team486
team487,team487
team488,team488
team489,team489
team490,team490
team491,team491
team492,team492
team493,team493
team494,team494
team495,team495
team496,team496
team497,team497
team498,team498
team499,team499
team500,team500
team501,team501
team502,team502
team503,team503
team504,team504
team505,team505
team506,team506
team507,team507
team508,team508
team509,team509
team510,team510
team511,team511
team512,team512
team513,team513
team514,team514
team515,team515
team516,team516
team517,team517
team518,team518
team519,team519
team520,team520
team521,team521
team522,team522
team523,team523
team524,team524
team525,team525
team526,team526
team527,team527
team528,team528
team529,team529
team530,team530
team531,team531
team532,team532
team533,team533
team534,team534
team535,team535
team536,team536
team537,team537
team538,team538
team539,team539
team540,team540
team541,team541
team542,team542
team543,team543
team544,team544
team545,team545
team546,team546
team547,team547
team548,team548
team549,team549
team550,team550
team551,team551
team552,team552
team553,team553
team554,team554
team555,team555
team556,team556
team557,team557
team558,team558
team559,team559
team560,team560
team561,team561
team562,team562
team563,team563
team564,team564
team565,team565
team566,team566
team567,team567
team568,team568
team569,team569
team570,team570
team571,team571
team572,team572
team573,team573
team574,team574
team575,team575
team576,team576
team577,team577
team578,team578
team579,team579
team580,team580
team581,team581
team582,team582
team583,team583
team584,team584
team585,team585
team586,team586
team587,team587
team588,team588
team589,team589
team590,team590
team591,team591
team592,team592
team593,team593
team594,team594
team595,team595
team596,team596
team597,team597
team598,team598
team599,team599
team600,team600
team601,team601
team602,team602
team603,team603
team604,team604
team605,team605
team606,team606
team607,team607
team608,team608
team609,team609
team610,team610
team611,team611
team612,team612
team613,team613
team614,team614
team615,team615
team616,team616
team617,team617
team618,team618
team619,team619
team620,team620
team621,team621
team622,team622
team623,team623
team624,team624
team625,team625
team626,team626
team627,team627
team628,team628
team629,team629
team630,team630
team631,team631
team632,team632
team633,team633
team634,team634
team635,team635
team636,team636
team637,team637
team638,team638
team639,team639
team640,team640
team641,team641
team642,team642
team643,team643
team644,team644
team645,team645
team646,team646
team647,team647
team648,team648
team649,team649
team650,team650
team651,team651
team652,team652
team653,team653
team654,team654
team655,team655
team656,team656
team657,team657
team658,team658
team659,team659
team660,team660
team661,team661
team662,team662
team663,team663
team664,team664
team665,team665
team666,team666
team667,team667
team668,team668
team669,team669
team670,team670
team671,team671
team672,team672
team673,team673
team674,team674
team675,team675
team676,team676
team677,team677
team678,team678
team679,team679
team680,team680
team681,team681
team682,team682
team683,team683
team684,team684
team685,team685
team686,team686
team687,team687
team688,team688
team689,team689
team690,team690
team691,team691
team692,team692
team693,team693
team694,team694
team695,team695
team696,team696
team697,team697
team698,team698
team699,team699
team700,team700
team701,team701
team702,team702
team703,team703
team704,team704
team705,team705
team706,team706
team707,team707
team708,team708
team709,team709
team710,team710
team711,team711
team712,team712
team713,team713
team714,team714
team715,team715
team716,team716
team717,team717
team718,team718
team719,team719
team720,team720
team721,team721
team722,team722
team723,team723
team724,team724
team725,team725
team726,team726
team727,team727
team728,team728
team729,team729
team730,team730
team731,team731
team732,team732
team733,team733
team734,team734
team735,team735
team736,team736
team737,team737
team738,team738
team739,team739
team740,team740
team741,team741
team742,team742
team743,team743
team744,team744
team745,team745
team746,team746
team747,team747
team748,team748
team749,team749
team750,team750
team751,team751
team752,team752
team753,team753
team754,team754
team755,team755
team756,team756
team757,team757
team758,team758
team759,team759
team760,team760
team761,team761
team762,team762
team763,team763
team764,team764
team765,team765
team766,team766
team767,team767
team768,team768
team769,team769
team770,team770
team771,team771
team772,team772
team773,team773
team774,team774
team775,team775
team776,team776
team777,team777
team778,team778
team779,team779
team780,team780
team781,team781
team782,team782
team783,team783
team784,team784
team785,team785
team786,team786
team787,team787
team788,team788
team789,team789
team790,team790
team791,team791
team792,team792
team793,team793
team794,team794
team795,team795
team796,team796
team797,team797
team798,team798
team799,team799
team800,team800
team801,team801
team802,team802
team803,team803
team804,team804
team805,team805
team806,team806
team807,team807
team808,team808
team809,team809
team810,team810
team811,team811
team812,team812
team813,team813
team814,team814
team815,team815
team816,team816
team817,team817
team818,team818
team819,team819
team820,team820
team821,team821
team822,team822
team823,team823
team824,team824
team825,team825
team826,team826
team827,team827
team828,team828
team829,team829
team830,team830
team831,team831
team832,team832
team833,team833
team834,team834
team835,team835
team836,team836
team837,team837
team838,team838
team839,team839
team840,team840
team841,team841
team842,team842
team843,team843
team844,team844
team845,team845
team846,team846
team847,team847
team848,team848
team849,team849
team850,team850
team851,team851
team852,team852
team853,team853
team854,team854
team855,team855
team856,team856
team857,team857
team858,team858
team859,team859
team860,team860
team861,team861
team862,team862
team863,team863
team864,team864
team865,team865
team866,team866
team867,team867
team868,team868
team869,team869
team870,team870
team871,team871
team872,team872
team873,team873
team874,team874
team875,team875
team876,team876
team877,team877
team878,team878
team879,team879
team880,team880
team881,team881
team882,team882
team883,team883
team884,team884
team885,team885
team886,team886
team887,team887
team888,team888
team889,team889
team890,team890
team891,team891
team892,team892
team893,team893
team894,team894
team895,team895
team896,team896
team897,team897
team898,team898
team899,team899
team900,team900
team901,team901
team902,team902
team903,team903
team904,team904
team905,team905
team906,team906
team907,team907
team908,team908
team909,team909
team910,team910
team911,team911
team912,team912
team913,team913
team914,team914
team915,team915
team916,team916
team917,team917
team918,team918
team919,team919
team920,team920
team921,team921
team922,team922
team923,team923
team924,team924
team925,team925
team926,team926
team927,team927
team928,team928
team929,team929
team930,team930
team931,team931
team932,team932
team933,team933
team934,team934
team935,team935
team936,team936
team937,team937
team938,team938
team939,team939
team940,team940
team941,team941
team942,team942
team943,team943
team944,team944
team945,team945
team946,team946
team947,team947
team948,team948
team949,team949
team950,team950
team951,team951
team952,team952
team953,team953
team954,team954
team955,team955
team956,team956
team957,team957
team958,team958
team959,team959
team960,team960
team961,team961
team962,team962
team963,team963
team964,team964
team965,team965
team966,team966
team967,team967
team968,team968
team969,team969
team970,team970
team971,team971
team972,team972
team973,team973
team974,team974
team975,team975
team976,team976
team977,team977
team978,team978
team979,team979
team980,team980
team981,team981
team982,team982
team983,team983
team984,team984
team985,team985
team986,team986
team987,team987
team988,team988
team989,team989
team990,team990
team991,team991
team992,team992
team993,team993
team994,team994
team995,team995
team996,team996
team997,team997
team998,team998
team999,team999
team1000,team1000
team1001,team1001
team1002,team1002
team1003,team1003
team1004,team1004
team1005,team1005
team1006,team1006
team1007,team1007
team1008,team1008
team1009,team1009
team1010,team1010
team1011,team1011
team1012,team1012
team1013,team1013
team1014,team1014
team1015,team1015
team1016,team1016
team1017,team1017
team1018,team1018
team1019,team1019
team1020,team1020
team1021,team1021
team1022,team1022
team1023,team1023
team1024,team1024
team1025,team1025
team1026,team1026
team1027,team1027
team1028,team1028
team1029,team1029
team1030,team1030
team1031,team1031
team1032,team1032
team1033,team1033
team1034,team1034
team1035,team1035
team1036,team1036
team1037,team1037
team1038,team1038
team1039,team1039
team1040,team1040
team1041,team1041
team1042,team1042
team1043,team1043
team1044,team1044
team1045,team1045
team1046,team1046
team1047,team1047
team1048,team1048
team1049,team1049
team1050,team1050
team1051,team1051
team1052,team1052
team1053,team1053
team1054,team1054
team1055,team1055
team1056,team1056
team1057,team1057
team1058,team1058
team1059,team1059
team1060,team1060
team1061,team1061
team1062,team1062
team1063,team1063
team1064,team1064
team1065,team1065
team1066,team1066
team1067,team1067
team1068,team1068
team1069,team1069
team1070,team1070
team1071,team1071
team1072,team1072
team1073,team1073
team1074,team1074
team1075,team1075
team1076,team1076
team1077,team1077
team1078,team1078
team1079,team1079
team1080,team1080
team1081,team1081
team1082,team1082
team1083,team1083
team1084,team1084
team1085,team1085
team1086,team1086
team1087,team1087
team1088,team1088
team1089,team1089
team1090,team1090
team1091,team1091
team1092,team1092
team1093,team1093
team1094,team1094
team1095,team1095
team1096,team1096
team1097,team1097
team1098,team1098
team1099,team1099
team1100,team1100
team1101,team1101
team1102,team1102
team1103,team1103
team1104,team1104
team1105,team1105
team1106,team1106
team1107,team1107
team1108,team1108
team1109,team1109
team1110,team1110
team1111,team1111
team1112,team1112
team1113,team1113
team1114,team1114
team1115,team1115
team1116,team1116
team1117,team1117
team1118,team1118
team1119,team1119
team1120,team1120
team1121,team1121
team1122,team1122
team1123,team1123
team1124,team1124
team1125,team1125
team1126,team1126
team1127,team1127
team1128,team1128
team1129,team1129
team1130,team1130
team1131,team1131
team1132,team1132
team1133,team1133
team1134,team1134
team1135,team1135
team1136,team1136
team1137,team1137
team1138,team1138
team1139,team1139
team1140,team1140
team1141,team1141
team1142,team1142
team1143,team1143
team1144,team1144
team1145,team1145
team1146,team1146
team1147,team1147
team1148,team1148
team1149,team1149
team1150,team1150
team1151,team1151
team1152,team1152
team1153,team1153
team1154,team1154
team1155,team1155
team1156,team1156
team1157,team1157
team1158,team1158
team1159,team1159
team1160,team1160
team1161,team1161
team1162,team1162
team1163,team1163
team1164,team1164
team1165,team1165
team1166,team1166
team1167,team1167
team1168,team1168
team1169,team1169
team1170,team1170
team1171,team1171
team1172,team1172
team1173,team1173
team1174,team1174
team1175,team1175
team1176,team1176
team1177,team1177
team1178,team1178
team1179,team1179
team1180,team1180
team1181,team1181
team1182,team1182
team1183,team1183
team1184,team1184
team1185,team1185
team1186,team1186
team1187,team1187
team1188,team1188
team1189,team1189
team1190,team1190
team1191,team1191
team1192,team1192
team1193,team1193
team1194,team1194
team1195,team1195
team1196,team1196
team1197,team1197
team1198,team1198
team1199,team1199
team1200,team1200
team1201,team1201
team1202,team1202
team1203,team1203
team1204,team1204
team1205,team1205
team1206,team1206
team1207,team1207
team1208,team1208
team1209,team1209
team1210,team1210
team1211,team1211
team1212,team1212
team1213,team1213
team1214,team1214
team1215,team1215
team1216,team1216
team1217,team1217
team1218,team1218
team1219,team1219
team1220,team1220
team1221,team1221
team1222,team1222
team1223,team1223
team1224,team1224
team1225,team1225
team1226,team1226
team1227,team1227
team1228,team1228
team1229,team1229
team1230,team1230
team1231,team1231
team1232,team1232
team1233,team1233
team1234,team1234
team1235,team1235
team1236,team1236
team1237,team1237
team1238,team1238
team1239,team1239
team1240,team1240
team1241,team1241
team1242,team1242
team1243,team1243
team1244,team1244
team1245,team1245
team1246,team1246
team1247,team1247
team1248,team1248
team1249,team1249
team1250,team1250
team1251,team1251
team1252,team1252
team1253,team1253
team1254,team1254
team1255,team1255
team1256,team1256
team1257,team1257
team1258,team1258
team1259,team1259
team1260,team1260
team1261,team1261
team1262,team1262
team1263,team1263
team1264,team1264
team1265,team1265
team1266,team1266
team1267,team1267
team1268,team1268
team1269,team1269
team1270,team1270
team1271,team1271
team1272,team1272
team1273,team1273
team1274,team1274
team1275,team1275
team1276,team1276
team1277,team1277
team1278,team1278
team1279,team1279
team1280,team1280
team1281,team1281
team1282,team1282
team1283,team1283
team1284,team1284
team1285,team1285
team1286,team1286
team1287,team1287
team1288,team1288
team1289,team1289
team1290,team1290
team1291,team1291
team1292,team1292
team1293,team1293
team1294,team1294
team1295,team1295
team1296,team1296
team1297,team1297
team1298,team1298
team1299,team1299
team1300,team1300
team1301,team1301
team1302,team1302
team1303,team1303
team1304,team1304
team1305,team1305
team1306,team1306
team1307,team1307
team1308,team1308
team1309,team1309
team1310,team1310
team1311,team1311
team1312,team1312
team1313,team1313
team1314,team1314
team1315,team1315
team1316,team1316
team1317,team1317
team1318,team1318
team1319,team1319
team1320,team1320
team1321,team1321
team1322,team1322
team1323,team1323
team1324,team1324
team1325,team1325
team1326,team1326
team1327,team1327
team1328,team1328
team1329,team1329
team1330,team1330
team1331,team1331
team1332,team1332
team1333,team1333
team1334,team1334
team1335,team1335
team1336,team1336
team1337,team1337
team1338,team1338
team1339,team1339
team1340,team1340
team1341,team1341
team1342,team1342
team1343,team1343
team1344,team1344
team1345,team1345
team1346,team1346
team1347,team1347
team1348,team1348
team1349,team1349
team1350,team1350
team1351,team1351
team1352,team1352
team1353,team1353
team1354,team1354
team1355,team1355
team1356,team1356
team1357,team1357
team1358,team1358
team1359,team1359
team1360,team1360
team1361,team1361
team1362,team1362
team1363,team1363
team1364,team1364
team1365,team1365
team1366,team1366
team1367,team1367
team1368,team1368
team1369,team1369
team1370,team1370
team1371,team1371
team1372,team1372
team1373,team1373
team1374,team1374
team1375,team1375
team1376,team1376
team1377,team1377
team1378,team1378
team1379,team1379
team1380,team1380
team1381,team1381
team1382,team1382
team1383,team1383
team1384,team1384
team1385,team1385
team1386,team1386
team1387,team1387
team1388,team1388
team1389,team1389
team1390,team1390
team1391,team1391
team1392,team1392
team1393,team1393
team1394,team1394
team1395,team1395
team1396,team1396
team1397,team1397
team1398,team1398
team1399,team1399
team1400,team1400
team1401,team1401
team1402,team1402
team1403,team1403
team1404,team1404
team1405,team1405
team1406,team1406
team1407,team1407
team1408,team1408
team1409,team1409
team1410,team1410
team1411,team1411
team1412,team1412
team1413,team1413
team1414,team1414
team1415,team1415
team1416,team1416
team1417,team1417
team1418,team1418
team1419,team1419
team1420,team1420
team1421,team1421
team1422,team1422
team1423,team1423
team1424,team1424
team1425,team1425
team1426,team1426
team1427,team1427
team1428,team1428
team1429,team1429
team1430,team1430
team1431,team1431
team1432,team1432
team1433,team1433
team1434,team1434
team1435,team1435
team1436,team1436
team1437,team1437
team1438,team1438
team1439,team1439
team1440,team1440
team1441,team1441
team1442,team1442
team1443,team1443
team1444,team1444
team1445,team1445
team1446,team1446
team1447,team1447
team1448,team1448
team1449,team1449
team1450,team1450
team1451,team1451
team1452,team1452
team1453,team1453
team1454,team1454
team1455,team1455
team1456,team1456
team1457,team1457
team1458,team1458
team1459,team1459
team1460,team1460
team1461,team1461
team1462,team1462
team1463,team1463
team1464,team1464
team1465,team1465
team1466,team1466
team1467,team1467
team1468,team1468
team1469,team1469
team1470,team1470
team1471,team1471
team1472,team1472
team1473,team1473
team1474,team1474
team1475,team1475
team1476,team1476
team1477,team1477
team1478,team1478
team1479,team1479
team1480,team1480
team1481,team1481
team1482,team1482
team1483,team1483
team1484,team1484
team1485,team1485
team1486,team1486
team1487,team1487
team1488,team1488
team1489,team1489
team1490,team1490
team1491,team1491
team1492,team1492
team1493,team1493
team1494,team1494
team1495,team1495
team1496,team1496
team1497,team1497
team1498,team1498
team1499,team1499
team1500,team1500
team1501,team1501
team1502,team1502
team1503,team1503
team1504,team1504
team1505,team1505
team1506,team1506
team1507,team1507
team1508,team1508
team1509,team1509
team1510,team1510
team1511,team1511
team1512,team1512
team1513,team1513
team1514,team1514
team1515,team1515
team1516,team1516
team1517,team1517
team1518,team1518
team1519,team1519
team1520,team1520
team1521,team1521
team1522,team1522
team1523,team1523
team1524,team1524
team1525,team1525
team1526,team1526
team1527,team1527
team1528,team1528
team1529,team1529
team1530,team1530
team1531,team1531
team1532,team1532
team1533,team1533
team1534,team1534
team1535,team1535
team1536,team1536
team1537,team1537
team1538,team1538
team1539,team1539
team1540,team1540
team1541,team1541
team1542,team1542
team1543,team1543
team1544,team1544
team1545,team1545
team1546,team1546
team1547,team1547
team1548,team1548
team1549,team1549
team1550,team1550
team1551,team1551
team1552,team1552
team1553,team1553
team1554,team1554
team1555,team1555
team1556,team1556
team1557,team1557
team1558,team1558
team1559,team1559
team1560,team1560
team1561,team1561
team1562,team1562
team1563,team1563
team1564,team1564
team1565,team1565
team1566,team1566
team1567,team1567
team1568,team1568
team1569,team1569
team1570,team1570
team1571,team1571
team1572,team1572
team1573,team1573
team1574,team1574
team1575,team1575
team1576,team1576
team1577,team1577
team1578,team1578
team1579,team1579
team1580,team1580
team1581,team1581
team1582,team1582
team1583,team1583
team1584,team1584
team1585,team1585
team1586,team1586
team1587,team1587
team1588,team1588
team1589,team1589
team1590,team1590
team1591,team1591
team1592,team1592
team1593,team1593
team1594,team1594
team1595,team1595
team1596,team1596
team1597,team1597
team1598,team1598
team1599,team1599
team1600,team1600
team1601,team1601
team1602,team1602
team1603,team1603
team1604,team1604
team1605,team1605
team1606,team1606
team1607,team1607
team1608,team1608
team1609,team1609
team1610,team1610
team1611,team1611
team1612,team1612
team1613,team1613
team1614,team1614
team1615,team1615
team1616,team1616
team1617,team1617
team1618,team1618
team1619,team1619
team1620,team1620
team1621,team1621
team1622,team1622
team1623,team1623
team1624,team1624
team1625,team1625
team1626,team1626
team1627,team1627
team1628,team1628
team1629,team1629
team1630,team1630
team1631,team1631
team1632,team1632
team1633,team1633
team1634,team1634
team1635,team1635
team1636,team1636
team1637,team1637
team1638,team1638
team1639,team1639
team1640,team1640
team1641,team1641
team1642,team1642
team1643,team1643
team1644,team1644
team1645,team1645
team1646,team1646
team1647,team1647
team1648,team1648
team1649,team1649
team1650,team1650
team1651,team1651
team1652,team1652
team1653,team1653
team1654,team1654
team1655,team1655
team1656,team1656
team1657,team1657
team1658,team1658
team1659,team1659
team1660,team1660
team1661,team1661
team1662,team1662
team1663,team1663
team1664,team1664
team1665,team1665
team1666,team1666
team1667,team1667
team1668,team1668
team1669,team1669
team1670,team1670
team1671,team1671
team1672,team1672
team1673,team1673
team1674,team1674
team1675,team1675
team1676,team1676
team1677,team1677
team1678,team1678
team1679,team1679
team1680,team1680
team1681,team1681
team1682,team1682
team1683,team1683
team1684,team1684
team1685,team1685
team1686,team1686
team1687,team1687
team1688,team1688
team1689,team1689
team1690,team1690
team1691,team1691
team1692,team1692
team1693,team1693
team1694,team1694
team1695,team1695
team1696,team1696
team1697,team1697
team1698,team1698
team1699,team1699
team1700,team1700
team1701,team1701
team1702,team1702
team1703,team1703
team1704,team1704
team1705,team1705
team1706,team1706
team1707,team1707
team1708,team1708
team1709,team1709
team1710,team1710
team1711,team1711
team1712,team1712
team1713,team1713
team1714,team1714
team1715,team1715
team1716,team1716
team1717,team1717
team1718,team1718
team1719,team1719
team1720,team1720
team1721,team1721
team1722,team1722
team1723,team1723
team1724,team1724
team1725,team1725
team1726,team1726
team1727,team1727
team1728,team1728
team1729,team1729
team1730,team1730
team1731,team1731
team1732,team1732
team1733,team1733
team1734,team1734
team1735,team1735
team1736,team1736
team1737,team1737
team1738,team1738
team1739,team1739
team1740,team1740
team1741,team1741
team1742,team1742
team1743,team1743
team1744,team1744
team1745,team1745
team1746,team1746
team1747,team1747
team1748,team1748
team1749,team1749
team1750,team1750
team1751,team1751
team1752,team1752
team1753,team1753
team1754,team1754
team1755,team1755
team1756,team1756
team1757,team1757
team1758,team1758
team1759,team1759
team1760,team1760
team1761,team1761
team1762,team1762
team1763,team1763
team1764,team1764
team1765,team1765
team1766,team1766
team1767,team1767
team1768,team1768
team1769,team1769
team1770,team1770
team1771,team1771
team1772,team1772
team1773,team1773
team1774,team1774
team1775,team1775
team1776,team1776
team1777,team1777
team1778,team1778
team1779,team1779
team1780,team1780
team1781,team1781
team1782,team1782
team1783,team1783
team1784,team1784
team1785,team1785
team1786,team1786
team1787,team1787
team1788,team1788
team1789,team1789
team1790,team1790
team1791,team1791
team1792,team1792
team1793,team1793
team1794,team1794
team1795,team1795
team1796,team1796
team1797,team1797
team1798,team1798
team1799,team1799
team1800,team1800
team1801,team1801
team1802,team1802
team1803,team1803
team1804,team1804
team1805,team1805
team1806,team1806
team1807,team1807
team1808,team1808
team1809,team1809
team1810,team1810
team1811,team1811
team1812,team1812
team1813,team1813
team1814,team1814
team1815,team1815
team1816,team1816
team1817,team1817
team1818,team1818
team1819,team1819
team1820,team1820
team1821,team1821
team1822,team1822
team1823,team1823
team1824,team1824
team1825,team1825
team1826,team1826
team1827,team1827
team1828,team1828
team1829,team1829
team1830,team1830
team1831,team1831
team1832,team1832
team1833,team1833
team1834,team1834
team1835,team1835
team1836,team1836
team1837,team1837
team1838,team1838
team1839,team1839
team1840,team1840
team1841,team1841
team1842,team1842
team1843,team1843
team1844,team1844
team1845,team1845
team1846,team1846
team1847,team1847
team1848,team1848
team1849,team1849
team1850,team1850
team1851,team1851
team1852,team1852
team1853,team1853
team1854,team1854
team1855,team1855
team1856,team1856
team1857,team1857
team1858,team1858
team1859,team1859
team1860,team1860
team1861,team1861
team1862,team1862
team1863,team1863
team1864,team1864
team1865,team1865
team1866,team1866
team1867,team1867
team1868,team1868
team1869,team1869
team1870,team1870
team1871,team1871
team1872,team1872
team1873,team1873
team1874,team1874
team1875,team1875
team1876,team1876
team1877,team1877
team1878,team1878
team1879,team1879
team1880,team1880
team1881,team1881
team1882,team1882
team1883,team1883
team1884,team1884
team1885,team1885
team1886,team1886
team1887,team1887
team1888,team1888
team1889,team1889
team1890,team1890
team1891,team1891
team1892,team1892
team1893,team1893
team1894,team1894
team1895,team1895
team1896,team1896
team1897,team1897
team1898,team1898
team1899,team1899
team1900,team1900
team1901,team1901
team1902,team1902
team1903,team1903
team1904,team1904
team1905,team1905
team1906,team1906
team1907,team1907
team1908,team1908
team1909,team1909
team1910,team1910
team1911,team1911
team1912,team1912
team1913,team1913
team1914,team1914
team1915,team1915
team1916,team1916
team1917,team1917
team1918,team1918
team1919,team1919
team1920,team1920
team1921,team1921
team1922,team1922
team1923,team1923
team1924,team1924
team1925,team1925
team1926,team1926
team1927,team1927
team1928,team1928
team1929,team1929
team1930,team1930
team1931,team1931
team1932,team1932
team1933,team1933
team1934,team1934
team1935,team1935
team1936,team1936
team1937,team1937
team1938,team1938
team1939,team1939
team1940,team1940
team1941,team1941
team1942,team1942
team1943,team1943
team1944,team1944
team1945,team1945
team1946,team1946
team1947,team1947
team1948,team1948
team1949,team1949
team1950,team1950
team1951,team1951
team1952,team1952
team1953,team1953
team1954,team1954
team1955,team1955
team1956,team1956
team1957,team1957
team1958,team1958
team1959,team1959
team1960,team1960
team1961,team1961
team1962,team1962
team1963,team1963
team1964,team1964
team1965,team1965
team1966,team1966
team1967,team1967
team1968,team1968
team1969,team1969
team1970,team1970
team1971,team1971
team1972,team1972
team1973,team1973
team1974,team1974
team1975,team1975
team1976,team1976
team1977,team1977
team1978,team1978
team1979,team1979
team1980,team1980
team1981,team1981
team1982,team1982
team1983,team1983
team1984,team1984
team1985,team1985
team1986,team1986
team1987,team1987
team1988,team1988
team1989,team1989
team1990,team1990
team1991,team1991
team1992,team1992
team1993,team1993
team1994,team1994
team1995,team1995
team1996,team1996
team1997,team1997
team1998,team1998
team1999,team1999
team2000,team2000
team2001,team2001
team2002,team2002
team2003,team2003
team2004,team2004
team2005,team2005
team2006,team2006
team2007,team2007
team2008,team2008
team2009,team2009
team2010,team2010
team2011,team2011
team2012,team2012
team2013,team2013
team2014,team2014
team2015,team2015
team2016,team2016
team2017,team2017
team2018,team2018
team2019,team2019
team2020,team2020
team2021,team2021
team2022,team2022
team2023,team2023
team2024,team2024
team2025,team2025
team2026,team2026
team2027,team2027
team2028,team2028
team2029,team2029
team2030,team2030
team2031,team2031
team2032,team2032
team2033,team2033
team2034,team2034
team2035,team2035
team2036,team2036
team2037,team2037
team2038,team2038
team2039,team2039
team2040,team2040
team2041,team2041
team2042,team2042
team2043,team2043
team2044,team2044
team2045,team2045
team2046,team2046
team2047,team2047
team2048,team2048
team2049,team2049
team2050,team2050
team2051,team2051
team2052,team2052
team2053,team2053
team2054,team2054
team2055,team2055
team2056,team2056
team2057,team2057
team2058,team2058
team2059,team2059
team2060,team2060
team2061,team2061
team2062,team2062
team2063,team2063
team2064,team2064
team2065,team2065
team2066,team2066
team2067,team2067
team2068,team2068
team2069,team2069
team2070,team2070
team2071,team2071
team2072,team2072
team2073,team2073
team2074,team2074
team2075,team2075
team2076,team2076
team2077,team2077
team2078,team2078
team2079,team2079
team2080,team2080
team2081,team2081
team2082,team2082
team2083,team2083
team2084,team2084
team2085,team2085
team2086,team2086
team2087,team2087
team2088,team2088
team2089,team2089
team2090,team2090
team2091,team2091
team2092,team2092
team2093,team2093
team2094,team2094
team2095,team2095
team2096,team2096
team2097,team2097
team2098,team2098
team2099,team2099
team2100,team2100
team2101,team2101
team2102,team2102
team2103,team2103
team2104,team2104
team2105,team2105
team2106,team2106
team2107,team2107
team2108,team2108
team2109,team2109
team2110,team2110
team2111,team2111
team2112,team2112
team2113,team2113
team2114,team2114
team2115,team2115
team2116,team2116
team2117,team2117
team2118,team2118
team2119,team2119
team2120,team2120
team2121,team2121
team2122,team2122
team2123,team2123
team2124,team2124
team2125,team2125
team2126,team2126
team2127,team2127
team2128,team2128
team2129,team2129
team2130,team2130
team2131,team2131
team2132,team2132
team2133,team2133
team2134,team2134
team2135,team2135
team2136,team2136
team2137,team2137
team2138,team2138
team2139,team2139
team2140,team2140
team2141,team2141
team2142,team2142
team2143,team2143
team2144,team2144
team2145,team2145
team2146,team2146
team2147,team2147
team2148,team2148
team2149,team2149
team2150,team2150
team2151,team2151
team2152,team2152
team2153,team2153
team2154,team2154
team2155,team2155
team2156,team2156
team2157,team2157
team2158,team2158
team2159,team2159
team2160,team2160
team2161,team2161
team2162,team2162
team2163,team2163
team2164,team2164
team2165,team2165
team2166,team2166
team2167,team2167
team2168,team2168
team2169,team2169
team2170,team2170
team2171,team2171
team2172,team2172
team2173,team2173
team2174,team2174
team2175,team2175
team2176,team2176
team2177,team2177
team2178,team2178
team2179,team2179
team2180,team2180
team2181,team2181
team2182,team2182
team2183,team2183
team2184,team2184
team2185,team2185
team2186,team2186
team2187,team2187
team2188,team2188
team2189,team2189
team2190,team2190
team2191,team2191
team2192,team2192
team2193,team2193
team2194,team2194
team2195,team2195
team2196,team2196
team2197,team2197
team2198,team2198
team2199,team2199
team2200,team2200
team2201,team2201
team2202,team2202
team2203,team2203
team2204,team2204
team2205,team2205
team2206,team2206
team2207,team2207
team2208,team2208
team2209,team2209
team2210,team2210
team2211,team2211
team2212,team2212
team2213,team2213
team2214,team2214
team2215,team2215
team2216,team2216
team2217,team2217
team2218,team2218
team2219,team2219
team2220,team2220
team2221,team2221
team2222,team2222
team2223,team2223
team2224,team2224
team2225,team2225
team2226,team2226
team2227,team2227
team2228,team2228
team2229,team2229
team2230,team2230
team2231,team2231
team2232,team2232
team2233,team2233
team2234,team2234
team2235,team2235
team2236,team2236
team2237,team2237
team2238,team2238
team2239,team2239
team2240,team2240
team2241,team2241
team2242,team2242
team2243,team2243
team2244,team2244
team2245,team2245
team2246,team2246
team2247,team2247
team2248,team2248
team2249,team2249
team2250,team2250
team2251,team2251
team2252,team2252
team2253,team2253
team2254,team2254
team2255,team2255
team2256,team2256
team2257,team2257
team2258,team2258
team2259,team2259
team2260,team2260
team2261,team2261
team2262,team2262
team2263,team2263
team2264,team2264
team2265,team2265
team2266,team2266
team2267,team2267
team2268,team2268
team2269,team2269
team2270,team2270
team2271,team2271
team2272,team2272
team2273,team2273
team2274,team2274
team2275,team2275
team2276,team2276
team2277,team2277
team2278,team2278
team2279,team2279
team2280,team2280
team2281,team2281
team2282,team2282
team2283,team2283
team2284,team2284
team2285,team2285
team2286,team2286
team2287,team2287
team2288,team2288
team2289,team2289
team2290,team2290
team2291,team2291
team2292,team2292
team2293,team2293
team2294,team2294
team2295,team2295
team2296,team2296
team2297,team2297
team2298,team2298
team2299,team2299
team2300,team2300
team2301,team2301
team2302,team2302
team2303,team2303
team2304,team2304
team2305,team2305
team2306,team2306
team2307,team2307
team2308,team2308
team2309,team2309
team2310,team2310
team2311,team2311
team2312,team2312
team2313,team2313
team2314,team2314
team2315,team2315
team2316,team2316
team2317,team2317
team2318,team2318
team2319,team2319
team2320,team2320
team2321,team2321
team2322,team2322
team2323,team2323
team2324,team2324
team2325,team2325
team2326,team2326
team2327,team2327
team2328,team2328
team2329,team2329
team2330,team2330
team2331,team2331
team2332,team2332
team2333,team2333
team2334,team2334
team2335,team2335
team2336,team2336
team2337,team2337
team2338,team2338
team2339,team2339
team2340,team2340
team2341,team2341
team2342,team2342
team2343,team2343
team2344,team2344
team2345,team2345
team2346,team2346
team2347,team2347
team2348,team2348
team2349,team2349
team2350,team2350
team2351,team2351
team2352,team2352
team2353,team2353
team2354,team2354
team2355,team2355
team2356,team2356
team2357,team2357
team2358,team2358
team2359,team2359
team2360,team2360
team2361,team2361
team2362,team2362
team2363,team2363
team2364,team2364
team2365,team2365
team2366,team2366
team2367,team2367
team2368,team2368
team2369,team2369
team2370,team2370
team2371,team2371
team2372,team2372
team2373,team2373
team2374,team2374
team2375,team2375
team2376,team2376
team2377,team2377
team2378,team2378
team2379,team2379
team2380,team2380
team2381,team2381
team2382,team2382
team2383,team2383
team2384,team2384
team2385,team2385
team2386,team2386
team2387,team2387
team2388,team2388
team2389,team2389
team2390,team2390
team2391,team2391
team2392,team2392
team2393,team2393
team2394,team2394
team2395,team2395
team2396,team2396
team2397,team2397
team2398,team2398
team2399,team2399
team2400,team2400
team2401,team2401
team2402,team2402
team2403,team2403
team2404,team2404
team2405,team2405
team2406,team2406
team2407,team2407
team2408,team2408
team2409,team2409
team2410,team2410
team2411,team2411
team2412,team2412
team2413,team2413
team2414,team2414
team2415,team2415
team2416,team2416
team2417,team2417
team2418,team2418
team2419,team2419
team2420,team2420
team2421,team2421
team2422,team2422
team2423,team2423
team2424,team2424
team2425,team2425
team2426,team2426
team2427,team2427
team2428,team2428
team2429,team2429
team2430,team2430
team2431,team2431
team2432,team2432
team2433,team2433
team2434,team2434
team2435,team2435
team2436,team2436
team2437,team2437
team2438,team2438
team2439,team2439
team2440,team2440
team2441,team2441
team2442,team2442
team2443,team2443
team2444,team2444
team2445,team2445
team2446,team2446
team2447,team2447
team2448,team2448
team2449,team2449
team2450,team2450
team2451,team2451
team2452,team2452
team2453,team2453
team2454,team2454
team2455,team2455
team2456,team2456
team2457,team2457
team2458,team2458
team2459,team2459
team2460,team2460
team2461,team2461
team2462,team2462
team2463,team2463
team2464,team2464
team2465,team2465
team2466,team2466
team2467,team2467
team2468,team2468
team2469,team2469
team2470,team2470
team2471,team2471
team2472,team2472
team2473,team2473
team2474,team2474
team2475,team2475
team2476,team2476
team2477,team2477
team2478,team2478
team2479,team2479
team2480,team2480
team2481,team2481
team2482,team2482
team2483,team2483
team2484,team2484
team2485,team2485
team2486,team2486
team2487,team2487
team2488,team2488
team2489,team2489
team2490,team2490
team2491,team2491
team2492,team2492
team2493,team2493
team2494,team2494
team2495,team2495
team2496,team2496
team2497,team2497
team2498,team2498
team2499,team2499
team2500,team2500
team2501,team2501
team2502,team2502
team2503,team2503
team2504,team2504
team2505,team2505
team2506,team2506
team2507,team2507
team2508,team2508
team2509,team2509
team2510,team2510
team2511,team2511
team2512,team2512
team2513,team2513
team2514,team2514
team2515,team2515
team2516,team2516
team2517,team2517
team2518,team2518
team2519,team2519
team2520,team2520
team2521,team2521
team2522,team2522
team2523,team2523
team2524,team2524
team2525,team2525
team2526,team2526
team2527,team2527
team2528,team2528
team2529,team2529
team2530,team2530
team2531,team2531
team2532,team2532
team2533,team2533
team2534,team2534
team2535,team2535
team2536,team2536
team2537,team2537
team2538,team2538
team2539,team2539
team2540,team2540
team2541,team2541
team2542,team2542
team2543,team2543
team2544,team2544
team2545,team2545
team2546,team2546
team2547,team2547
team2548,team2548
team2549,team2549
team2550,team2550
team2551,team2551
team2552,team2552
team2553,team2553
team2554,team2554
team2555,team2555
team2556,team2556
team2557,team2557
team2558,team2558
team2559,team2559
team2560,team2560
team2561,team2561
team2562,team2562
team2563,team2563
team2564,team2564
team2565,team2565
team2566,team2566
team2567,team2567
team2568,team2568
team2569,team2569
team2570,team2570
team2571,team2571
team2572,team2572
team2573,team2573
team2574,team2574
team2575,team2575
team2576,team2576
team2577,team2577
team2578,team2578
team2579,team2579
team2580,team2580
team2581,team2581
team2582,team2582
team2583,team2583
team2584,team2584
team2585,team2585
team2586,team2586
team2587,team2587
team2588,team2588
team2589,team2589
team2590,team2590
team2591,team2591
team2592,team2592
team2593,team2593
team2594,team2594
team2595,team2595
team2596,team2596
team2597,team2597
team2598,team2598
team2599,team2599
team2600,team2600
team2601,team2601
team2602,team2602
team2603,team2603
team2604,team2604
team2605,team2605
team2606,team2606
team2607,team2607
team2608,team2608
team2609,team2609
team2610,team2610
team2611,team2611
team2612,team2612
team2613,team2613
team2614,team2614
team2615,team2615
team2616,team2616
team2617,team2617
team2618,team2618
team2619,team2619
team2620,team2620
team2621,team2621
team2622,team2622
team2623,team2623
team2624,team2624
team2625,team2625
team2626,team2626
team2627,team2627
team2628,team2628
team2629,team2629
team2630,team2630
team2631,team2631
team2632,team2632
team2633,team2633
team2634,team2634
team2635,team2635
team2636,team2636
team2637,team2637
team2638,team2638
team2639,team2639
team2640,team2640
team2641,team2641
team2642,team2642
team2643,team2643
team2644,team2644
team2645,team2645
team2646,team2646
team2647,team2647
team2648,team2648
team2649,team2649
team2650,team2650
team2651,team2651
team2652,team2652
team2653,team2653
team2654,team2654
team2655,team2655
team2656,team2656
team2657,team2657
team2658,team2658
team2659,team2659
team2660,team2660
team2661,team2661
team2662,team2662
team2663,team2663
team2664,team2664
team2665,team2665
team2666,team2666
team2667,team2667
team2668,team2668
team2669,team2669
team2670,team2670
team2671,team2671
team2672,team2672
team2673,team2673
team2674,team2674
team2675,team2675
team2676,team2676
team2677,team2677
team2678,team2678
team2679,team2679
team2680,team2680
team2681,team2681
team2682,team2682
team2683,team2683
team2684,team2684
team2685,team2685
team2686,team2686
team2687,team2687
team2688,team2688
team2689,team2689
team2690,team2690
team2691,team2691
team2692,team2692
team2693,team2693
team2694,team2694
team2695,team2695
team2696,team2696
team2697,team2697
team2698,team2698
team2699,team2699
team2700,team2700
team2701,team2701
team2702,team2702
team2703,team2703
team2704,team2704
team2705,team2705
team2706,team2706
team2707,team2707
team2708,team2708
team2709,team2709
team2710,team2710
team2711,team2711
team2712,team2712
team2713,team2713
team2714,team2714
team2715,team2715
team2716,team2716
team2717,team2717
team2718,team2718
team2719,team2719
team2720,team2720
team2721,team2721
team2722,team2722
team2723,team2723
team2724,team2724
team2725,team2725
team2726,team2726
team2727,team2727
team2728,team2728
team2729,team2729
team2730,team2730
team2731,team2731
team2732,team2732
team2733,team2733
team2734,team2734
team2735,team2735
team2736,team2736
team2737,team2737
team2738,team2738
team2739,team2739
team2740,team2740
team2741,team2741
team2742,team2742
team2743,team2743
team2744,team2744
team2745,team2745
team2746,team2746
team2747,team2747
team2748,team2748
team2749,team2749
team2750,team2750
team2751,team2751
team2752,team2752
team2753,team2753
team2754,team2754
team2755,team2755
team2756,team2756
team2757,team2757
team2758,team2758
team2759,team2759
team2760,team2760
team2761,team2761
team2762,team2762
team2763,team2763
team2764,team2764
team2765,team2765
team2766,team2766
team2767,team2767
team2768,team2768
team2769,team2769
team2770,team2770
team2771,team2771
team2772,team2772
team2773,team2773
team2774,team2774
team2775,team2775
team2776,team2776
team2777,team2777
team2778,team2778
team2779,team2779
team2780,team2780
team2781,team2781
team2782,team2782
team2783,team2783
team2784,team2784
team2785,team2785
team2786,team2786
team2787,team2787
team2788,team2788
team2789,team2789
team2790,team2790
team2791,team2791
team2792,team2792
team2793,team2793
team2794,team2794
team2795,team2795
team2796,team2796
team2797,team2797
team2798,team2798
team2799,team2799
team2800,team2800
team2801,team2801
team2802,team2802
team2803,team2803
team2804,team2804
team2805,team2805
team2806,team2806
team2807,team2807
team2808,team2808
team2809,team2809
team2810,team2810
team2811,team2811
team2812,team2812
team2813,team2813
team2814,team2814
team2815,team2815
team2816,team2816
team2817,team2817
team2818,team2818
team2819,team2819
team2820,team2820
team2821,team2821
team2822,team2822
team2823,team2823
team2824,team2824
team2825,team2825
team2826,team2826
team2827,team2827
team2828,team2828
team2829,team2829
team2830,team2830
team2831,team2831
team2832,team2832
team2833,team2833
team2834,team2834
team2835,team2835
team2836,team2836
team2837,team2837
team2838,team2838
team2839,team2839
team2840,team2840
team2841,team2841
team2842,team2842
team2843,team2843
team2844,team2844
team2845,team2845
team2846,team2846
team2847,team2847
team2848,team2848
team2849,team2849
team2850,team2850
team2851,team2851
team2852,team2852
team2853,team2853
team2854,team2854
team2855,team2855
team2856,team2856
team2857,team2857
team2858,team2858
team2859,team2859
team2860,team2860
team2861,team2861
team2862,team2862
team2863,team2863
team2864,team2864
team2865,team2865
team2866,team2866
team2867,team2867
team2868,team2868
team2869,team2869
team2870,team2870
team2871,team2871
team2872,team2872
team2873,team2873
team2874,team2874
team2875,team2875
team2876,team2876
team2877,team2877
team2878,team2878
team2879,team2879
team2880,team2880
team2881,team2881
team2882,team2882
team2883,team2883
team2884,team2884
team2885,team2885
team2886,team2886
team2887,team2887
team2888,team2888
team2889,team2889
team2890,team2890
team2891,team2891
team2892,team2892
team2893,team2893
team2894,team2894
team2895,team2895
team2896,team2896
team2897,team2897
team2898,team2898
team2899,team2899
team2900,team2900
team2901,team2901
team2902,team2902
team2903,team2903
team2904,team2904
team2905,team2905
team2906,team2906
team2907,team2907
team2908,team2908
team2909,team2909
team2910,team2910
team2911,team2911
team2912,team2912
team2913,team2913
team2914,team2914
team2915,team2915
team2916,team2916
team2917,team2917
team2918,team2918
team2919,team2919
team2920,team2920
team2921,team2921
team2922,team2922
team2923,team2923
team2924,team2924
team2925,team2925
team2926,team2926
team2927,team2927
team2928,team2928
team2929,team2929
team2930,team2930
team2931,team2931
team2932,team2932
team2933,team2933
team2934,team2934
team2935,team2935
team2936,team2936
team2937,team2937
team2938,team2938
team2939,team2939
team2940,team2940
team2941,team2941
team2942,team2942
team2943,team2943
team2944,team2944
team2945,team2945
team2946,team2946
team2947,team2947
team2948,team2948
team2949,team2949
team2950,team2950
team2951,team2951
team2952,team2952
team2953,team2953
team2954,team2954
team2955,team2955
team2956,team2956
team2957,team2957
team2958,team2958
team2959,team2959
team2960,team2960
team2961,team2961
team2962,team2962
team2963,team2963
team2964,team2964
team2965,team2965
team2966,team2966
team2967,team2967
team2968,team2968
team2969,team2969
team2970,team2970
team2971,team2971
team2972,team2972
team2973,team2973
team2974,team2974
team2975,team2975
team2976,team2976
team2977,team2977
team2978,team2978
team2979,team2979
team2980,team2980
team2981,team2981
team2982,team2982
team2983,team2983
team2984,team2984
team2985,team2985
team2986,team2986
team2987,team2987
team2988,team2988
team2989,team2989
team2990,team2990
team2991,team2991
team2992,team2992
team2993,team2993
team2994,team2994
team2995,team2995
team2996,team2996
team2997,team2997
team2998,team2998
team2999,team2999
team3000,team3000
team3001,team3001
team3002,team3002
team3003,team3003
team3004,team3004
team3005,team3005
team3006,team3006
team3007,team3007
team3008,team3008
team3009,team3009
team3010,team3010
team3011,team3011
team3012,team3012
team3013,team3013
team3014,team3014
team3015,team3015
team3016,team3016
team3017,team3017
team3018,team3018
team3019,team3019
team3020,team3020
team3021,team3021
team3022,team3022
team3023,team3023
team3024,team3024
team3025,team3025
team3026,team3026
team3027,team3027
team3028,team3028
team3029,team3029
team3030,team3030
team3031,team3031
team3032,team3032
team3033,team3033
team3034,team3034
team3035,team3035
team3036,team3036
team3037,team3037
team3038,team3038
team3039,team3039
team3040,team3040
team3041,team3041
team3042,team3042
team3043,team3043
team3044,team3044
team3045,team3045
team3046,team3046
team3047,team3047
team3048,team3048
team3049,team3049
team3050,team3050
team3051,team3051
team3052,team3052
team3053,team3053
team3054,team3054
team3055,team3055
team3056,team3056
team3057,team3057
team3058,team3058
team3059,team3059
team3060,team3060
team3061,team3061
team3062,team3062
team3063,team3063
team3064,team3064
team3065,team3065
team3066,team3066
team3067,team3067
team3068,team3068
team3069,team3069
team3070,team3070
team3071,team3071
team3072,team3072
team3073,team3073
team3074,team3074
team3075,team3075
team3076,team3076
team3077,team3077
team3078,team3078
team3079,team3079
team3080,team3080
team3081,team3081
team3082,team3082
team3083,team3083
team3084,team3084
team3085,team3085
team3086,team3086
team3087,team3087
team3088,team3088
team3089,team3089
